key	en-US	it-IT	de-DE	es-ES	fr-FR	pt-BR	ru-RU	tr-TR
ui.itemcategory.eggs	Spawn Eggs	Uova di evocazione	Spawn-Eier	Huevos de aparición	Oeufs d'apparition	Ovos de invocação	Яйца призыва	Çağırma Yumurtaları
ui.itemcategory.eggs.mammals	Mammals	Mammiferi	Säugetiere	Mamíferos	Mammifères	Mamíferos	Млекопитающие	Memeliler
ui.itemcategory.eggs.birds	Birds	Uccelli	Vögel	Aves	Oiseaux	Aves	Птицы	Kuşlar
ui.itemcategory.eggs.aquatic	Aquatic Creatures	Creature acquatiche	Wasserwesen	Criaturas acuáticas	Créatures aquatiques	Criaturas aquáticas	Водные существа	Suda Yaşayan Yaratıklar
ui.itemcategory.eggs.reptilesamphibians	Reptiles & Amphibians	Rettili e anfibi	Reptilien & Amphibien	Reptiles y anfibios	Reptiles et amphibiens	Répteis e anfíbios	Рептилии и амфибии	Sürüngenler ve Amfibiler
ui.itemcategory.eggs.humanoidsconstructs	Humanoids & Constructs	Umanoidi e costrutti	Humanoide & Konstrukte	Humanoides y constructos	Humanoïdes et constructions	Humanoides e constructos	Гуманоиды и конструкты	İnsansılar ve Yapılar
ui.itemcategory.eggs.beastscreatures	Beasts & Creatures	Bestie e creature	Bestien & Kreaturen	Bestias y criaturas	Bêtes et créatures	Bestas e criaturas	Звери и существа	Canavarlar ve Yaratıklar
ui.itemcategory.eggs.undeadspirits	Undead & Spirits	Non morti e spiriti	Untote & Geister	No muertos y espíritus	Morts-vivants et esprits	Mortos-vivos e espíritos	Нежить и духи	Ölümsüzler ve Ruhlar
ui.itemcategory.eggs.tools	Tools	Strumenti	Werkzeuge	Herramientas	Outils	Ferramentas	Инструменты	Araçlar
